{
    "eval_loss": 0.9247089624404907,
    "eval_mse": 0.924708902835846,
    "eval_rmse": 0.9616178274154663,
    "eval_mae": 0.7767966985702515,
    "eval_r2": 0.11676266472556585,
    "eval_runtime": 0.4493,
    "eval_samples_per_second": 948.104,
    "eval_steps_per_second": 31.158,
    "epoch": 1.0
}